Dataset,Sensitive Attribute,Pipeline,Mitigation,accuracy,accuracy_std,f1_score,f1_score_std,SPD,SPD_std,DI,DI_std,EOD,EOD_std,AOD,AOD_std
compas,race,base,baseline,0.6730699930699932,0.0109888147708467,0.5970666277867719,0.0129072270137987,-0.1797210033266976,0.0243419690455401,0.5753752425645475,0.0488196491784146,-0.2089760855609155,0.03834759371496,-0.1598772021307734,0.0236229973504653
compas,sex,base,baseline,0.6744005544005544,0.0108022189264868,0.6010442605543728,0.0132155536131625,-0.2842236197565165,0.0307527680680531,0.3249802840487467,0.0590452670755914,-0.3310836794734059,0.0555503413579261,-0.2635866941029676,0.0341694747497528
adult,race,base,baseline,0.8506049749206674,0.002978863287885384,0.6560322234880295,0.005996096831949835,-0.08489130966361186,0.005641793107635809,0.5904577532109986,0.02565863060002828,-0.04756529615186821,0.022491126524103157,-0.038272340372368825,0.010729364779146247
adult,sex,base,baseline,0.8503101648070427,0.0027093964581979065,0.6543436313219511,0.005679949791286002,-0.17473392428637857,0.0070622465650376715,0.3061971565529727,0.02064980099587492,-0.09693936033978068,0.02499487853391702,-0.08604126833495819,0.013351742888036292
