Dataset,Sensitive Attribute,Pipeline,Mitigation,accuracy,accuracy_std,f1_score,f1_score_std,SPD,SPD_std,DI,DI_std,EOD,EOD_std,AOD,AOD_std
compas,race,base,baseline,0.6730699930699932,0.010988814770846721,0.5970666277867719,0.012907227013798789,-0.1797210033266976,0.024341969045540132,0.5753752425645475,0.04881964917841465,-0.20897608556091554,0.03834759371496,-0.1598772021307734,0.02362299735046532
compas,sex,base,baseline,0.6744005544005544,0.010802218926486851,0.6010442605543728,0.013215553613162552,-0.28422361975651655,0.03075276806805311,0.3249802840487467,0.05904526707559149,-0.3310836794734059,0.05555034135792611,-0.26358669410296764,0.034169474749752876
