Dataset,Sensitive Attribute,Mitigation,accuracy,accuracy_std,f1_score,f1_score_std,SPD,SPD_std,DI,DI_std,EOD,EOD_std,AOD,AOD_std
adult,race,baseline,0.8506049749206674,0.0029788632878853,0.6560322234880295,0.0059960968319498,-0.0848913096636118,0.0056417931076358,0.5904577532109986,0.0256586306000282,-0.0475652961518682,0.0224911265241031,-0.0382723403723688,0.0107293647791462
adult,sex,baseline,0.8503101648070427,0.0027093964581979,0.6543436313219511,0.005679949791286,-0.1747339242863785,0.0070622465650376,0.3061971565529727,0.0206498009958749,-0.0969393603397806,0.024994878533917,-0.0860412683349581,0.0133517428880362
compas,race,baseline,0.6730699930699932,0.0109888147708467,0.5970666277867719,0.0129072270137987,-0.1797210033266976,0.0243419690455401,0.5753752425645475,0.0488196491784146,-0.2089760855609155,0.03834759371496,-0.1598772021307734,0.0236229973504653
compas,sex,baseline,0.6744005544005544,0.0108022189264868,0.6010442605543728,0.0132155536131625,-0.2842236197565165,0.0307527680680531,0.3249802840487467,0.0590452670755914,-0.3310836794734059,0.0555503413579261,-0.2635866941029676,0.0341694747497528
adult,race,reweighing,0.8502815027126626,0.002671958501443599,0.6582433018766193,0.006229332724165573,-0.04837130187315404,0.008594743954525938,0.765315437807194,0.038733541298948466,0.05586172838607661,0.03134931754650838,0.025567841876041858,0.015739489142277095
adult,sex,reweighing,0.8450650015354693,0.002638757991475115,0.6382446457386206,0.005546502930208915,-0.08990764281637148,0.008698016723474722,0.5895448820882042,0.03401998943052872,0.1376473411721711,0.025840723545744154,0.06042994642088357,0.01449662475911917
