Dataset,Sensitive Attribute,Pipeline,Mitigation,accuracy,accuracy_std,f1_score,f1_score_std,SPD,SPD_std,DI,DI_std,EOD,EOD_std,AOD,AOD_std
compas,race,base,baseline,0.6730699930699932,0.0109888147708467,0.5970666277867719,0.0129072270137987,-0.1797210033266976,0.0243419690455401,0.5753752425645475,0.0488196491784146,-0.2089760855609155,0.03834759371496,-0.1598772021307734,0.0236229973504653
compas,sex,base,baseline,0.6744005544005544,0.0108022189264868,0.6010442605543728,0.0132155536131625,-0.2842236197565165,0.0307527680680531,0.3249802840487467,0.0590452670755914,-0.3310836794734059,0.0555503413579261,-0.2635866941029676,0.0341694747497528
compas,race,preprocessing,reweighing,0.6626472626472626,0.0122048158287992,0.5821253001713971,0.0148357747255672,0.0259235289904245,0.0357881457239212,1.0782496219264206,0.1102439487793765,0.0298643665801508,0.0389884729410055,0.0498027074129364,0.0327035089058019
compas,sex,preprocessing,reweighing,0.668080388080388,0.010156421073177,0.5913493468130868,0.0135914733085867,-0.0238229610284391,0.042458436378878,0.9379730265793316,0.1142547233907153,-0.0047483989539365,0.0603763349062322,0.010817978030621,0.0425279590674863
compas,race,preprocessing,disparate_impact,0.6687179487179488,0.010764734691059962,0.5720059696631993,0.02128035386070953,-0.12521217293024245,0.034144710602897844,0.662995843907237,0.07118965883437826,-0.13726987462002585,0.04825834093149778,-0.1038792020660792,0.035473924781627475
compas,sex,preprocessing,disparate_impact,0.6680526680526682,0.01160474442157393,0.5760627992188827,0.027333206127646094,-0.20726672980796118,0.03896771920942291,0.44937706581963127,0.06254163149465768,-0.21704830951404885,0.0609828940686965,-0.18055280671448348,0.040791352327593226
