Dataset,Sensitive Attribute,Mitigation,accuracy,accuracy_std,f1_score,f1_score_std,SPD,SPD_std,DI,DI_std,EOD,EOD_std,AOD,AOD_std
adult,race,baseline,0.8506049749206674,0.0029788632878853,0.6560322234880295,0.0059960968319498,-0.0848913096636118,0.0056417931076358,0.5904577532109986,0.0256586306000282,-0.0475652961518682,0.0224911265241031,-0.0382723403723688,0.0107293647791462
adult,sex,baseline,0.8503101648070427,0.0027093964581979,0.6543436313219511,0.005679949791286,-0.1747339242863785,0.0070622465650376,0.3061971565529727,0.0206498009958749,-0.0969393603397806,0.024994878533917,-0.0860412683349581,0.0133517428880362
adult,race,reweighing,0.8502815027126626,0.0026719585014435,0.6582433018766193,0.0062293327241655,-0.048371301873154,0.0085947439545259,0.765315437807194,0.0387335412989484,0.0558617283860766,0.0313493175465083,0.0255678418760418,0.015739489142277
adult,sex,reweighing,0.8450650015354693,0.0026387579914751,0.6382446457386206,0.0055465029302089,-0.0899076428163714,0.0086980167234747,0.5895448820882042,0.0340199894305287,0.1376473411721711,0.0258407235457441,0.0604299464208835,0.0144966247591191
compas,race,baseline,0.6730699930699932,0.0109888147708467,0.5970666277867719,0.0129072270137987,-0.1797210033266976,0.0243419690455401,0.5753752425645475,0.0488196491784146,-0.2089760855609155,0.03834759371496,-0.1598772021307734,0.0236229973504653
compas,sex,baseline,0.6744005544005544,0.0108022189264868,0.6010442605543728,0.0132155536131625,-0.2842236197565165,0.0307527680680531,0.3249802840487467,0.0590452670755914,-0.3310836794734059,0.0555503413579261,-0.2635866941029676,0.0341694747497528
compas,race,reweighing,0.6626472626472626,0.012204815828799285,0.5821253001713971,0.014835774725567229,0.02592352899042452,0.03578814572392127,1.0782496219264206,0.11024394877937653,0.029864366580150802,0.03898847294100559,0.04980270741293648,0.0327035089058019
compas,sex,reweighing,0.668080388080388,0.010156421073177047,0.5913493468130868,0.013591473308586744,-0.023822961028439175,0.042458436378878056,0.9379730265793317,0.11425472339071534,-0.004748398953936555,0.06037633490623228,0.010817978030621038,0.04252795906748631
