Dataset,Sensitive Attribute,Pipeline,Mitigation,accuracy,accuracy_std,f1_score,f1_score_std,SPD,SPD_std,DI,DI_std,EOD,EOD_std,AOD,AOD_std
compas,race,base,baseline,0.6730699930699932,0.0109888147708467,0.5970666277867719,0.0129072270137987,-0.1797210033266976,0.0243419690455401,0.5753752425645475,0.0488196491784146,-0.2089760855609155,0.03834759371496,-0.1598772021307734,0.0236229973504653
compas,sex,base,baseline,0.6744005544005544,0.0108022189264868,0.6010442605543728,0.0132155536131625,-0.2842236197565165,0.0307527680680531,0.3249802840487467,0.0590452670755914,-0.3310836794734059,0.0555503413579261,-0.2635866941029676,0.0341694747497528
compas,race,preprocessing,reweighing,0.6626472626472626,0.012204815828799285,0.5821253001713971,0.014835774725567229,0.02592352899042452,0.03578814572392127,1.0782496219264206,0.11024394877937653,0.029864366580150802,0.03898847294100559,0.04980270741293648,0.0327035089058019
compas,sex,preprocessing,reweighing,0.668080388080388,0.010156421073177047,0.5913493468130868,0.013591473308586744,-0.023822961028439175,0.042458436378878056,0.9379730265793317,0.11425472339071534,-0.004748398953936555,0.06037633490623228,0.010817978030621038,0.04252795906748631
