Dataset,Sensitive Attribute,Pipeline,Mitigation,accuracy,accuracy_std,f1_score,f1_score_std,SPD,SPD_std,DI,DI_std,EOD,EOD_std,AOD,AOD_std
compas,race,base,baseline,0.6730699930699932,0.0109888147708467,0.5970666277867719,0.0129072270137987,-0.1797210033266976,0.0243419690455401,0.5753752425645475,0.0488196491784146,-0.2089760855609155,0.03834759371496,-0.1598772021307734,0.0236229973504653
compas,sex,base,baseline,0.6744005544005544,0.0108022189264868,0.6010442605543728,0.0132155536131625,-0.2842236197565165,0.0307527680680531,0.3249802840487467,0.0590452670755914,-0.3310836794734059,0.0555503413579261,-0.2635866941029676,0.0341694747497528
compas,race,preprocessing,reweighing,0.6626472626472626,0.0122048158287992,0.5821253001713971,0.0148357747255672,0.0259235289904245,0.0357881457239212,1.0782496219264206,0.1102439487793765,0.0298643665801508,0.0389884729410055,0.0498027074129364,0.0327035089058019
compas,sex,preprocessing,reweighing,0.668080388080388,0.010156421073177,0.5913493468130868,0.0135914733085867,-0.0238229610284391,0.042458436378878,0.9379730265793316,0.1142547233907153,-0.0047483989539365,0.0603763349062322,0.010817978030621,0.0425279590674863
compas,race,preprocessing,disparate_impact,0.6687179487179488,0.0107647346910599,0.5720059696631993,0.0212803538607095,-0.1252121729302424,0.0341447106028978,0.662995843907237,0.0711896588343782,-0.1372698746200258,0.0482583409314977,-0.1038792020660792,0.0354739247816274
compas,sex,preprocessing,disparate_impact,0.6680526680526682,0.0116047444215739,0.5760627992188827,0.027333206127646,-0.2072667298079611,0.0389677192094229,0.4493770658196312,0.0625416314946576,-0.2170483095140488,0.0609828940686965,-0.1805528067144834,0.0407913523275932
adult,race,base,baseline,0.8506049749206674,0.002978863287885384,0.6560322234880295,0.005996096831949835,-0.08489130966361186,0.005641793107635809,0.5904577532109986,0.02565863060002828,-0.04756529615186821,0.022491126524103157,-0.038272340372368825,0.010729364779146247
adult,sex,base,baseline,0.8503101648070427,0.0027093964581979065,0.6543436313219511,0.005679949791286002,-0.17473392428637857,0.0070622465650376715,0.3061971565529727,0.02064980099587492,-0.09693936033978068,0.02499487853391702,-0.08604126833495819,0.013351742888036292
