,accuracy,f1_score,SPD,DI,EOD,AOD
mean,0.6744005544005544,0.6010442605543728,-0.28422361975651655,0.3249802840487467,-0.3310836794734059,-0.26358669410296764
std,0.010802218926486851,0.013215553613162552,0.03075276806805311,0.05904526707559149,0.05555034135792611,0.034169474749752876
